<?xml version="1.0" encoding="UTF-8"?>
<project-private xmlns="http://www.netbeans.org/ns/project-private/1">
    <editor-bookmarks xmlns="http://www.netbeans.org/ns/editor-bookmarks/2" lastBookmarkId="0"/>
    <open-files xmlns="http://www.netbeans.org/ns/projectui-open-files/2">
        <group>
            <file>file:/C:/Users/DeadpooL/Documents/NetBeansProjects/project/src/help.java</file>
            <file>file:/C:/Users/DeadpooL/Documents/NetBeansProjects/project/src/CheckIt.java</file>
            <file>file:/C:/Users/DeadpooL/Documents/NetBeansProjects/project/src/Documents-icon.png</file>
            <file>file:/C:/Users/DeadpooL/Documents/NetBeansProjects/project/src/AESencrp.java</file>
            <file>file:/C:/Users/DeadpooL/Documents/NetBeansProjects/project/src/for_rsa.java</file>
        </group>
    </open-files>
</project-private>
